Date,Post_Count
2010-05-15,1
2010-08-15,1
2010-11-12,1
2011-06-20,1
2011-07-22,1
2011-08-28,1
2011-09-22,1
2012-02-18,1
2012-03-10,1
2012-03-30,1
2012-11-25,1
2013-04-05,1
2013-04-20,1
2013-10-05,1
2013-12-05,1
2014-06-03,1
2014-07-10,1
2014-07-20,1
2014-09-14,1
2015-06-28,2
2015-07-12,1
2015-07-18,1
2015-08-22,1
2015-09-01,2
2015-09-12,1
2015-09-28,1
2015-10-18,1
2015-11-08,2
2015-11-10,2
2015-12-01,1
2015-12-15,1
2015-12-18,2
2015-12-22,1
2016-02-10,2
2016-02-23,1
2016-02-28,1
2016-03-08,2
2016-04-02,1
2016-04-10,1
2016-04-15,1
2016-05-15,2
2016-06-15,1
2016-06-28,1
2016-07-01,1
2016-07-02,1
2016-07-10,1
2016-07-30,1
2016-08-20,1
2016-08-22,2
2016-09-10,1
2016-09-14,1
2016-09-18,1
2016-09-22,1
2016-09-28,1
2016-10-18,1
2016-11-14,1
2016-11-15,2
2016-11-22,2
2016-11-28,2
2016-12-05,1
2016-12-10,1
2016-12-12,1
2016-12-22,1
2016-12-25,1
2017-01-12,1
2017-01-28,1
2017-01-30,1
2017-03-12,1
2017-03-20,1
2017-03-28,2
2017-04-10,2
2017-04-15,1
2017-04-28,1
2017-04-30,1
2017-05-15,1
2017-05-18,1
2017-06-10,1
2017-06-12,1
2017-06-18,1
2017-07-18,1
2017-07-20,1
2017-08-10,1
2017-08-18,2
2017-08-22,1
2017-08-25,1
2017-08-28,1
2017-09-10,3
2017-09-18,1
2017-09-25,1
2017-10-20,2
2017-10-30,1
2017-11-01,1
2017-11-05,2
2017-11-08,1
2017-11-15,1
2017-12-01,1
2017-12-08,1
2017-12-22,1
2017-12-28,2
2018-02-05,1
2018-02-10,1
2018-03-10,1
2018-03-15,1
2018-03-17,1
2018-04-03,1
2018-04-12,1
2018-04-15,1
2018-05-10,1
2018-05-12,2
2018-05-22,2
2018-05-28,1
2018-06-03,1
2018-06-10,1
2018-06-12,2
2018-06-15,2
2018-06-22,1
2018-07-08,2
2018-07-10,2
2018-07-12,1
2018-07-15,1
2018-08-05,2
2018-08-07,1
2018-08-10,1
2018-08-18,4
2018-08-22,3
2018-08-28,1
2018-09-05,2
2018-09-10,1
2018-09-15,1
2018-09-22,2
2018-10-12,1
2018-11-05,1
2018-11-07,1
2018-11-28,1
2018-12-02,1
2018-12-05,2
2018-12-10,1
2018-12-15,3
2019-01-10,1
2019-01-15,1
2019-02-11,1
2019-02-12,1
2019-02-25,1
2019-03-02,2
2019-03-08,2
2019-03-22,1
2019-03-25,1
2019-03-28,2
2019-04-05,3
2019-04-15,1
2019-04-18,3
2019-04-27,2
2019-04-30,1
2019-05-05,1
2019-05-08,1
2019-05-15,1
2019-06-10,1
2019-06-15,1
2019-06-18,1
2019-06-25,2
2019-06-28,2
2019-07-02,1
2019-07-12,1
2019-07-28,1
2019-08-05,1
2019-08-20,1
2019-08-28,1
2019-08-30,1
2019-09-10,1
2019-09-12,1
2019-09-14,1
2019-09-19,2
2019-09-28,2
2019-10-08,1
2019-10-15,1
2019-10-18,2
2019-10-22,1
2019-10-25,1
2019-10-28,2
2019-11-02,1
2019-11-03,1
2019-11-05,1
2019-11-08,1
2019-11-10,1
2019-11-11,1
2019-11-18,3
2019-11-24,1
2019-11-28,2
2019-11-30,2
2019-12-03,1
2019-12-10,1
2019-12-12,1
2019-12-28,1
2020-01-05,4
2020-01-12,2
2020-02-10,1
2020-02-22,1
2020-02-28,1
2020-02-29,1
2020-03-01,1
2020-03-05,1
2020-03-15,1
2020-04-02,4
2020-04-05,1
2020-04-12,2
2020-04-15,1
2020-04-18,1
2020-05-11,1
2020-05-12,1
2020-05-15,1
2020-05-20,1
2020-05-28,1
2020-06-05,1
2020-06-10,4
2020-06-15,1
2020-06-20,1
2020-06-22,1
2020-07-08,2
2020-07-18,1
2020-07-25,2
2020-08-05,1
2020-08-08,1
2020-08-12,1
2020-08-15,1
2020-08-18,1
2020-08-20,1
2020-08-29,2
2020-09-03,1
2020-09-05,1
2020-09-10,1
2020-09-15,2
2020-09-17,1
2020-09-18,2
2020-11-01,1
2020-11-02,1
2020-11-11,1
2020-11-15,1
2020-11-18,1
2020-11-20,1
2020-11-28,1
2020-11-29,1
2020-12-02,1
2020-12-12,1
2020-12-15,2
2020-12-17,1
2021-01-05,1
2021-01-15,4
2021-02-05,1
2021-02-10,1
2021-02-12,1
2021-02-25,1
2021-02-28,3
2021-03-02,2
2021-03-10,1
2021-03-15,1
2021-04-02,1
2021-04-05,1
2021-04-15,2
2021-04-18,1
2021-05-02,1
2021-05-08,1
2021-05-10,1
2021-05-15,1
2021-05-20,1
2021-06-10,2
2021-06-19,1
2021-06-25,1
2021-07-01,3
2021-07-03,1
2021-07-05,1
2021-07-10,1
2021-07-20,2
2021-08-02,1
2021-08-10,2
2021-08-15,1
2021-08-20,2
2021-09-05,1
2021-09-10,2
2021-09-15,1
2021-09-20,2
2021-10-02,1
2021-10-08,1
2021-10-10,1
2021-10-22,1
2021-11-07,1
2021-11-29,1
2021-11-30,2
2021-12-01,1
2021-12-03,1
2021-12-08,3
2022-01-05,1
2022-01-07,2
2022-01-08,2
2022-01-15,3
2022-01-28,1
2022-02-12,1
2022-02-15,2
2022-02-28,3
2022-03-12,1
2022-03-15,1
2022-03-20,1
2022-04-01,2
2022-04-03,2
2022-04-05,1
2022-04-15,1
2022-04-18,2
2022-04-20,1
2022-05-05,2
2022-05-08,1
2022-05-12,1
2022-05-20,2
2022-05-30,1
2022-06-08,2
2022-06-20,2
2022-06-30,1
2022-07-05,1
2022-07-08,1
2022-07-10,1
2022-07-17,3
2022-07-20,1
2022-07-25,1
2022-08-03,1
2022-08-05,1
2022-08-10,2
2022-08-18,1
2022-09-15,1
2022-09-28,1
2022-10-08,1
2022-10-22,1
2022-10-28,1
2022-10-30,2
2022-11-15,1
2022-11-28,1
2022-12-01,2
2023-01-07,1
2023-01-10,2
2023-01-15,6
2023-01-16,3
2023-01-17,3
2023-01-18,3
2023-01-19,3
2023-01-20,3
2023-01-21,3
2023-01-22,4
2023-01-23,2
2023-01-24,3
2023-01-25,2
2023-01-26,3
2023-01-27,3
2023-01-28,5
2023-01-29,2
2023-01-30,3
2023-01-31,3
2023-02-01,2
2023-02-05,1
2023-02-10,2
2023-02-11,2
2023-02-12,3
2023-02-13,2
2023-02-14,3
2023-02-15,4
2023-02-16,3
2023-02-17,3
2023-02-18,3
2023-02-19,3
2023-02-20,2
2023-02-21,2
2023-02-22,3
2023-02-23,3
2023-02-24,3
2023-02-25,3
2023-02-26,3
2023-02-27,3
2023-02-28,5
2023-03-01,3
2023-03-02,3
2023-03-03,3
2023-03-05,1
2023-03-10,2
2023-03-20,1
2023-03-22,1
2023-03-30,1
2023-04-08,1
2023-04-10,1
2023-04-15,1
2023-04-18,2
2023-05-06,2
2023-05-15,1
2023-05-20,1
2023-05-21,1
2023-05-22,1
2023-05-23,1
2023-05-24,1
2023-05-25,1
2023-05-26,1
2023-05-27,1
2023-05-28,1
2023-05-29,1
2023-05-30,1
2023-05-31,1
2023-06-01,1
2023-06-02,1
2023-06-03,1
2023-06-04,1
2023-06-05,1
2023-06-06,1
2023-06-07,1
2023-06-08,1
2023-06-09,1
2023-06-10,1
2023-06-11,1
2023-06-12,1
2023-06-13,1
2023-06-14,1
2023-06-15,2
2023-06-16,1
2023-06-17,1
2023-06-18,1
2023-06-19,1
2023-06-20,1
2023-06-21,1
2023-06-22,1
2023-06-23,1
2023-06-24,1
2023-06-25,1
2023-06-26,1
2023-06-27,1
2023-06-28,1
2023-06-29,1
2023-06-30,1
2023-07-01,1
2023-07-02,1
2023-07-03,1
2023-07-04,1
2023-07-05,1
2023-07-06,1
2023-07-07,1
2023-07-08,1
2023-07-09,1
2023-07-10,1
2023-07-11,1
2023-07-12,1
2023-07-13,1
2023-07-14,2
2023-07-15,1
2023-07-16,1
2023-07-17,1
2023-07-18,1
2023-07-19,1
2023-07-20,1
2023-08-01,1
2023-08-02,1
2023-08-03,1
2023-08-04,1
2023-08-05,1
2023-08-06,1
2023-08-07,1
2023-08-08,1
2023-08-09,1
2023-08-10,1
2023-08-11,1
2023-08-12,1
2023-08-13,1
2023-08-14,1
2023-08-15,1
2023-08-16,1
2023-08-17,1
2023-08-18,1
2023-08-19,1
2023-08-20,1
2023-08-21,1
2023-08-22,1
2023-08-23,1
2023-08-24,1
2023-08-25,1
2023-08-26,1
2023-08-27,1
2023-08-28,1
2023-08-29,1
2023-08-30,1
2023-08-31,1
2023-09-01,1
2023-09-02,1
2023-09-03,3
2023-09-04,1
2023-09-05,1
2023-09-06,1
2023-09-07,1
2023-09-08,1
2023-09-09,1
2023-09-10,1
2023-09-11,1
2023-09-12,1
2023-09-13,1
2023-09-14,1
2023-09-15,1
2023-09-16,1
2023-09-17,1
2023-09-18,1
2023-09-19,1
2023-09-20,1
2023-09-21,1
2023-09-22,1
2023-09-23,1
2023-09-24,1
2023-09-25,1
2023-09-26,1
2023-09-27,1
2023-09-28,1
2023-09-29,1
2023-09-30,1
2023-10-01,1
2023-10-02,1
2023-10-03,1
2023-10-04,1
2023-10-05,2
2023-10-06,1
2023-10-07,1
2023-10-08,1
2023-10-09,1
2023-10-10,1
2023-10-11,1
2023-10-12,2
2023-10-13,1
2023-10-14,1
2023-10-15,1
2023-10-16,1
2023-10-17,1
2023-10-18,1
2023-10-19,1
2023-10-20,1
2023-10-21,1
2023-10-22,1
